Workbook

Sheet Inputs
A1: record_id | B1: scenario_name | C1: scenario_type | D1: weak_tactics_reference | E1: gold_final_tactics | F1: inclusion_flag | G1: notes
A2: simple_1 | B2: Simple 1: Basic Malware Detection 🦠 | C2: Simple | D2: Antivirus_Scanning; Threat_Intelligence | F2: PENDING
A3: simple_2 | B3: Simple 2: Phishing Email 📧 | C3: Simple | D3: Email_Filtering; Threat_Intelligence | F3: PENDING
A4: simple_3 | B4: Simple 3: Network Security Issue 🌐 | C4: Simple | D4: Network_Segmentation; Threat_Intelligence | F4: PENDING
A5: simple_4 | B5: Simple 4: Data Access Anomaly 📊 | C5: Simple | D5: Access_Control; Data_Loss_Prevention | F5: PENDING
A6: simple_5 | B6: Simple 5: IoT Device Problem 📱 | C6: Simple | D6: Device_Hardening; Network_Segmentation | F6: PENDING
A7: advanced_1 | B7: Advanced 1: Sophisticated Phishing Campaign 🎣 | C7: Advanced | D7: Email_Filtering; Threat_Hunting; Threat_Intelligence | F7: PENDING
A8: advanced_2 | B8: Advanced 2: Ransomware Attack with Network Propagation 🔒 | C8: Advanced | D8: Antivirus_Scanning; Backup_and_Recovery; Threat_Hunting | F8: PENDING
A9: advanced_3 | B9: Advanced 3: Cloud Infrastructure Compromise ☁️ | C9: Advanced | D9: Cloud_Access_Control; Data_Loss_Prevention; Threat_Intelligence | F9: PENDING
A10: advanced_4 | B10: Advanced 4: IoT Device Compromise and Botnet Formation 🤖 | C10: Advanced | D10: Antivirus_Scanning; Device_Hardening; Network_Segmentation | F10: PENDING
A11: advanced_5 | B11: Advanced 5: Insider Threat with Data Exfiltration 👤 | C11: Advanced | D11: Access_Control; Data_Loss_Prevention; Incident_Response_Planning | F11: PENDING

Sheet Predictions
A1: record_id | B1: predicted_tactics | C1: prediction_source | D1: prediction_timestamp | E1: comments
A2: simple_1
A3: simple_2
A4: simple_3
A5: simple_4
A6: simple_5
A7: advanced_1
A8: advanced_2
A9: advanced_3
A10: advanced_4
A11: advanced_5

Sheet Label_Matrix
A1: record_id | B1: gold_final_tactics | C1: predicted_tactics | D1: true::Access_Control | E1: true::Antivirus_Scanning | F1: true::Backup_and_Recovery | G1: true::Cloud_Access_Control | H1: true::Data_Loss_Prevention | I1: true::Device_Hardening | J1: true::Email_Filtering | K1: true::Incident_Response_Planning | L1: true::Network_Segmentation | M1: true::Threat_Hunting | N1: true::Threat_Intelligence | O1: pred::Access_Control | P1: pred::Antivirus_Scanning | Q1: pred::Backup_and_Recovery | R1: pred::Cloud_Access_Control | S1: pred::Data_Loss_Prevention | T1: pred::Device_Hardening | U1: pred::Email_Filtering | V1: pred::Incident_Response_Planning | W1: pred::Network_Segmentation | X1: pred::Threat_Hunting | Y1: pred::Threat_Intelligence | Z1: TP | AA1: FP | AB1: FN | AC1: Precision | AD1: Recall | AE1: F1
A2: simple_1 | B2: =Inputs!E2 | C2: =Predictions!B2 | D2: 0 | E2: 0 | F2: 0 | G2: 0 | H2: 0 | I2: 0 | J2: 0 | K2: 0 | L2: 0 | M2: 0 | N2: 0 | O2: 0 | P2: 0 | Q2: 0 | R2: 0 | S2: 0 | T2: 0 | U2: 0 | V2: 0 | W2: 0 | X2: 0 | Y2: 0 | Z2: =SUMPRODUCT(D2:N2,O2:Y2) | AA2: =SUMPRODUCT(--(O2:Y2=1),--(D2:N2=0)) | AB2: =SUMPRODUCT(--(D2:N2=1),--(O2:Y2=0)) | AC2: =IF((Z2+AA2)=0,0,Z2/(Z2+AA2)) | AD2: =IF((Z2+AB2)=0,0,Z2/(Z2+AB2)) | AE2: =IF((AC2+AD2)=0,0,2*AC2*AD2/(AC2+AD2))
A3: simple_2 | B3: =Inputs!E3 | C3: =Predictions!B3 | D3: 0 | E3: 0 | F3: 0 | G3: 0 | H3: 0 | I3: 0 | J3: 0 | K3: 0 | L3: 0 | M3: 0 | N3: 0 | O3: 0 | P3: 0 | Q3: 0 | R3: 0 | S3: 0 | T3: 0 | U3: 0 | V3: 0 | W3: 0 | X3: 0 | Y3: 0 | Z3: =SUMPRODUCT(D3:N3,O3:Y3) | AA3: =SUMPRODUCT(--(O3:Y3=1),--(D3:N3=0)) | AB3: =SUMPRODUCT(--(D3:N3=1),--(O3:Y3=0)) | AC3: =IF((Z3+AA3)=0,0,Z3/(Z3+AA3)) | AD3: =IF((Z3+AB3)=0,0,Z3/(Z3+AB3)) | AE3: =IF((AC3+AD3)=0,0,2*AC3*AD3/(AC3+AD3))
A4: simple_3 | B4: =Inputs!E4 | C4: =Predictions!B4 | D4: 0 | E4: 0 | F4: 0 | G4: 0 | H4: 0 | I4: 0 | J4: 0 | K4: 0 | L4: 0 | M4: 0 | N4: 0 | O4: 0 | P4: 0 | Q4: 0 | R4: 0 | S4: 0 | T4: 0 | U4: 0 | V4: 0 | W4: 0 | X4: 0 | Y4: 0 | Z4: =SUMPRODUCT(D4:N4,O4:Y4) | AA4: =SUMPRODUCT(--(O4:Y4=1),--(D4:N4=0)) | AB4: =SUMPRODUCT(--(D4:N4=1),--(O4:Y4=0)) | AC4: =IF((Z4+AA4)=0,0,Z4/(Z4+AA4)) | AD4: =IF((Z4+AB4)=0,0,Z4/(Z4+AB4)) | AE4: =IF((AC4+AD4)=0,0,2*AC4*AD4/(AC4+AD4))
A5: simple_4 | B5: =Inputs!E5 | C5: =Predictions!B5 | D5: 0 | E5: 0 | F5: 0 | G5: 0 | H5: 0 | I5: 0 | J5: 0 | K5: 0 | L5: 0 | M5: 0 | N5: 0 | O5: 0 | P5: 0 | Q5: 0 | R5: 0 | S5: 0 | T5: 0 | U5: 0 | V5: 0 | W5: 0 | X5: 0 | Y5: 0 | Z5: =SUMPRODUCT(D5:N5,O5:Y5) | AA5: =SUMPRODUCT(--(O5:Y5=1),--(D5:N5=0)) | AB5: =SUMPRODUCT(--(D5:N5=1),--(O5:Y5=0)) | AC5: =IF((Z5+AA5)=0,0,Z5/(Z5+AA5)) | AD5: =IF((Z5+AB5)=0,0,Z5/(Z5+AB5)) | AE5: =IF((AC5+AD5)=0,0,2*AC5*AD5/(AC5+AD5))
A6: simple_5 | B6: =Inputs!E6 | C6: =Predictions!B6 | D6: 0 | E6: 0 | F6: 0 | G6: 0 | H6: 0 | I6: 0 | J6: 0 | K6: 0 | L6: 0 | M6: 0 | N6: 0 | O6: 0 | P6: 0 | Q6: 0 | R6: 0 | S6: 0 | T6: 0 | U6: 0 | V6: 0 | W6: 0 | X6: 0 | Y6: 0 | Z6: =SUMPRODUCT(D6:N6,O6:Y6) | AA6: =SUMPRODUCT(--(O6:Y6=1),--(D6:N6=0)) | AB6: =SUMPRODUCT(--(D6:N6=1),--(O6:Y6=0)) | AC6: =IF((Z6+AA6)=0,0,Z6/(Z6+AA6)) | AD6: =IF((Z6+AB6)=0,0,Z6/(Z6+AB6)) | AE6: =IF((AC6+AD6)=0,0,2*AC6*AD6/(AC6+AD6))
A7: advanced_1 | B7: =Inputs!E7 | C7: =Predictions!B7 | D7: 0 | E7: 0 | F7: 0 | G7: 0 | H7: 0 | I7: 0 | J7: 0 | K7: 0 | L7: 0 | M7: 0 | N7: 0 | O7: 0 | P7: 0 | Q7: 0 | R7: 0 | S7: 0 | T7: 0 | U7: 0 | V7: 0 | W7: 0 | X7: 0 | Y7: 0 | Z7: =SUMPRODUCT(D7:N7,O7:Y7) | AA7: =SUMPRODUCT(--(O7:Y7=1),--(D7:N7=0)) | AB7: =SUMPRODUCT(--(D7:N7=1),--(O7:Y7=0)) | AC7: =IF((Z7+AA7)=0,0,Z7/(Z7+AA7)) | AD7: =IF((Z7+AB7)=0,0,Z7/(Z7+AB7)) | AE7: =IF((AC7+AD7)=0,0,2*AC7*AD7/(AC7+AD7))
A8: advanced_2 | B8: =Inputs!E8 | C8: =Predictions!B8 | D8: 0 | E8: 0 | F8: 0 | G8: 0 | H8: 0 | I8: 0 | J8: 0 | K8: 0 | L8: 0 | M8: 0 | N8: 0 | O8: 0 | P8: 0 | Q8: 0 | R8: 0 | S8: 0 | T8: 0 | U8: 0 | V8: 0 | W8: 0 | X8: 0 | Y8: 0 | Z8: =SUMPRODUCT(D8:N8,O8:Y8) | AA8: =SUMPRODUCT(--(O8:Y8=1),--(D8:N8=0)) | AB8: =SUMPRODUCT(--(D8:N8=1),--(O8:Y8=0)) | AC8: =IF((Z8+AA8)=0,0,Z8/(Z8+AA8)) | AD8: =IF((Z8+AB8)=0,0,Z8/(Z8+AB8)) | AE8: =IF((AC8+AD8)=0,0,2*AC8*AD8/(AC8+AD8))
A9: advanced_3 | B9: =Inputs!E9 | C9: =Predictions!B9 | D9: 0 | E9: 0 | F9: 0 | G9: 0 | H9: 0 | I9: 0 | J9: 0 | K9: 0 | L9: 0 | M9: 0 | N9: 0 | O9: 0 | P9: 0 | Q9: 0 | R9: 0 | S9: 0 | T9: 0 | U9: 0 | V9: 0 | W9: 0 | X9: 0 | Y9: 0 | Z9: =SUMPRODUCT(D9:N9,O9:Y9) | AA9: =SUMPRODUCT(--(O9:Y9=1),--(D9:N9=0)) | AB9: =SUMPRODUCT(--(D9:N9=1),--(O9:Y9=0)) | AC9: =IF((Z9+AA9)=0,0,Z9/(Z9+AA9)) | AD9: =IF((Z9+AB9)=0,0,Z9/(Z9+AB9)) | AE9: =IF((AC9+AD9)=0,0,2*AC9*AD9/(AC9+AD9))
A10: advanced_4 | B10: =Inputs!E10 | C10: =Predictions!B10 | D10: 0 | E10: 0 | F10: 0 | G10: 0 | H10: 0 | I10: 0 | J10: 0 | K10: 0 | L10: 0 | M10: 0 | N10: 0 | O10: 0 | P10: 0 | Q10: 0 | R10: 0 | S10: 0 | T10: 0 | U10: 0 | V10: 0 | W10: 0 | X10: 0 | Y10: 0 | Z10: =SUMPRODUCT(D10:N10,O10:Y10) | AA10: =SUMPRODUCT(--(O10:Y10=1),--(D10:N10=0)) | AB10: =SUMPRODUCT(--(D10:N10=1),--(O10:Y10=0)) | AC10: =IF((Z10+AA10)=0,0,Z10/(Z10+AA10)) | AD10: =IF((Z10+AB10)=0,0,Z10/(Z10+AB10)) | AE10: =IF((AC10+AD10)=0,0,2*AC10*AD10/(AC10+AD10))
A11: advanced_5 | B11: =Inputs!E11 | C11: =Predictions!B11 | D11: 0 | E11: 0 | F11: 0 | G11: 0 | H11: 0 | I11: 0 | J11: 0 | K11: 0 | L11: 0 | M11: 0 | N11: 0 | O11: 0 | P11: 0 | Q11: 0 | R11: 0 | S11: 0 | T11: 0 | U11: 0 | V11: 0 | W11: 0 | X11: 0 | Y11: 0 | Z11: =SUMPRODUCT(D11:N11,O11:Y11) | AA11: =SUMPRODUCT(--(O11:Y11=1),--(D11:N11=0)) | AB11: =SUMPRODUCT(--(D11:N11=1),--(O11:Y11=0)) | AC11: =IF((Z11+AA11)=0,0,Z11/(Z11+AA11)) | AD11: =IF((Z11+AB11)=0,0,Z11/(Z11+AB11)) | AE11: =IF((AC11+AD11)=0,0,2*AC11*AD11/(AC11+AD11))

Sheet Metrics
A1: Metric | B1: Value | C1: Formula/Definition
A2: Micro TP | B2: =SUM(Label_Matrix!Z2:Label_Matrix!Z11) | C2: sum of per-row TP
A3: Micro FP | B3: =SUM(Label_Matrix!AA2:Label_Matrix!AA11) | C3: sum of per-row FP
A4: Micro FN | B4: =SUM(Label_Matrix!AB2:Label_Matrix!AB11) | C4: sum of per-row FN
A5: Micro Precision | B5: =IF((B2+B3)=0,0,B2/(B2+B3)) | C5: TP/(TP+FP)
A6: Micro Recall | B6: =IF((B2+B4)=0,0,B2/(B2+B4)) | C6: TP/(TP+FN)
A7: Micro F1 | B7: =IF((B5+B6)=0,0,2*B5*B6/(B5+B6)) | C7: 2PR/(P+R)
A8: Macro F1 (row average) | B8: =AVERAGE(Label_Matrix!AE2:Label_Matrix!AE11) | C8: average per-row F1

Sheet Confusion_Matrix
A1: Class | B1: Support(True) | C1: Predicted_Count | D1: TP | E1: FP | F1: FN | G1: Precision | H1: Recall | I1: F1
A2: Access_Control | B2: =SUM(Label_Matrix!D2:Label_Matrix!D11) | C2: =SUM(Label_Matrix!O2:Label_Matrix!O11) | D2: =SUMPRODUCT(Label_Matrix!D2:D11,Label_Matrix!O2:O11) | E2: =C2-D2 | F2: =B2-D2 | G2: =IF((D2+E2)=0,0,D2/(D2+E2)) | H2: =IF((D2+F2)=0,0,D2/(D2+F2)) | I2: =IF((G2+H2)=0,0,2*G2*H2/(G2+H2))
A3: Antivirus_Scanning | B3: =SUM(Label_Matrix!E2:Label_Matrix!E11) | C3: =SUM(Label_Matrix!P2:Label_Matrix!P11) | D3: =SUMPRODUCT(Label_Matrix!E2:E11,Label_Matrix!P2:P11) | E3: =C3-D3 | F3: =B3-D3 | G3: =IF((D3+E3)=0,0,D3/(D3+E3)) | H3: =IF((D3+F3)=0,0,D3/(D3+F3)) | I3: =IF((G3+H3)=0,0,2*G3*H3/(G3+H3))
A4: Backup_and_Recovery | B4: =SUM(Label_Matrix!F2:Label_Matrix!F11) | C4: =SUM(Label_Matrix!Q2:Label_Matrix!Q11) | D4: =SUMPRODUCT(Label_Matrix!F2:F11,Label_Matrix!Q2:Q11) | E4: =C4-D4 | F4: =B4-D4 | G4: =IF((D4+E4)=0,0,D4/(D4+E4)) | H4: =IF((D4+F4)=0,0,D4/(D4+F4)) | I4: =IF((G4+H4)=0,0,2*G4*H4/(G4+H4))
A5: Cloud_Access_Control | B5: =SUM(Label_Matrix!G2:Label_Matrix!G11) | C5: =SUM(Label_Matrix!R2:Label_Matrix!R11) | D5: =SUMPRODUCT(Label_Matrix!G2:G11,Label_Matrix!R2:R11) | E5: =C5-D5 | F5: =B5-D5 | G5: =IF((D5+E5)=0,0,D5/(D5+E5)) | H5: =IF((D5+F5)=0,0,D5/(D5+F5)) | I5: =IF((G5+H5)=0,0,2*G5*H5/(G5+H5))
A6: Data_Loss_Prevention | B6: =SUM(Label_Matrix!H2:Label_Matrix!H11) | C6: =SUM(Label_Matrix!S2:Label_Matrix!S11) | D6: =SUMPRODUCT(Label_Matrix!H2:H11,Label_Matrix!S2:S11) | E6: =C6-D6 | F6: =B6-D6 | G6: =IF((D6+E6)=0,0,D6/(D6+E6)) | H6: =IF((D6+F6)=0,0,D6/(D6+F6)) | I6: =IF((G6+H6)=0,0,2*G6*H6/(G6+H6))
A7: Device_Hardening | B7: =SUM(Label_Matrix!I2:Label_Matrix!I11) | C7: =SUM(Label_Matrix!T2:Label_Matrix!T11) | D7: =SUMPRODUCT(Label_Matrix!I2:I11,Label_Matrix!T2:T11) | E7: =C7-D7 | F7: =B7-D7 | G7: =IF((D7+E7)=0,0,D7/(D7+E7)) | H7: =IF((D7+F7)=0,0,D7/(D7+F7)) | I7: =IF((G7+H7)=0,0,2*G7*H7/(G7+H7))
A8: Email_Filtering | B8: =SUM(Label_Matrix!J2:Label_Matrix!J11) | C8: =SUM(Label_Matrix!U2:Label_Matrix!U11) | D8: =SUMPRODUCT(Label_Matrix!J2:J11,Label_Matrix!U2:U11) | E8: =C8-D8 | F8: =B8-D8 | G8: =IF((D8+E8)=0,0,D8/(D8+E8)) | H8: =IF((D8+F8)=0,0,D8/(D8+F8)) | I8: =IF((G8+H8)=0,0,2*G8*H8/(G8+H8))
A9: Incident_Response_Planning | B9: =SUM(Label_Matrix!K2:Label_Matrix!K11) | C9: =SUM(Label_Matrix!V2:Label_Matrix!V11) | D9: =SUMPRODUCT(Label_Matrix!K2:K11,Label_Matrix!V2:V11) | E9: =C9-D9 | F9: =B9-D9 | G9: =IF((D9+E9)=0,0,D9/(D9+E9)) | H9: =IF((D9+F9)=0,0,D9/(D9+F9)) | I9: =IF((G9+H9)=0,0,2*G9*H9/(G9+H9))
A10: Network_Segmentation | B10: =SUM(Label_Matrix!L2:Label_Matrix!L11) | C10: =SUM(Label_Matrix!W2:Label_Matrix!W11) | D10: =SUMPRODUCT(Label_Matrix!L2:L11,Label_Matrix!W2:W11) | E10: =C10-D10 | F10: =B10-D10 | G10: =IF((D10+E10)=0,0,D10/(D10+E10)) | H10: =IF((D10+F10)=0,0,D10/(D10+F10)) | I10: =IF((G10+H10)=0,0,2*G10*H10/(G10+H10))
A11: Threat_Hunting | B11: =SUM(Label_Matrix!M2:Label_Matrix!M11) | C11: =SUM(Label_Matrix!X2:Label_Matrix!X11) | D11: =SUMPRODUCT(Label_Matrix!M2:M11,Label_Matrix!X2:X11) | E11: =C11-D11 | F11: =B11-D11 | G11: =IF((D11+E11)=0,0,D11/(D11+E11)) | H11: =IF((D11+F11)=0,0,D11/(D11+F11)) | I11: =IF((G11+H11)=0,0,2*G11*H11/(G11+H11))
A12: Threat_Intelligence | B12: =SUM(Label_Matrix!N2:Label_Matrix!N11) | C12: =SUM(Label_Matrix!Y2:Label_Matrix!Y11) | D12: =SUMPRODUCT(Label_Matrix!N2:N11,Label_Matrix!Y2:Y11) | E12: =C12-D12 | F12: =B12-D12 | G12: =IF((D12+E12)=0,0,D12/(D12+E12)) | H12: =IF((D12+F12)=0,0,D12/(D12+F12)) | I12: =IF((G12+H12)=0,0,2*G12*H12/(G12+H12))

Sheet Supervisor_Audit
A1: Step | B1: Action | C1: Where | D1: Expected output
A2: 1 | B2: Fill Inputs!gold_final_tactics for validated records | C2: Inputs sheet | D2: Gold labels completed
A3: 2 | B3: Paste model predictions in Predictions!predicted_tactics | C3: Predictions sheet | D3: Predictions completed
A4: 3 | B4: Convert tactics to binary matrix (0/1) | C4: Label_Matrix true::*/pred::* columns | D4: Binary matrix completed
A5: 4 | B5: Review per-row TP/FP/FN/Precision/Recall/F1 | C5: Label_Matrix | D5: Per-record metrics
A6: 5 | B6: Review global micro/macro metrics | C6: Metrics | D6: Final thesis numbers
A7: 6 | B7: Review per-class metrics and supports | C7: Confusion_Matrix | D7: Class-level evidence

Sheet Data_Dictionary
A1: Field | B1: Meaning | C1: Allowed values
A2: gold_final_tactics | B2: Manually validated final labels | C2: semicolon-separated taxonomy tactics
A3: predicted_tactics | B3: Model output labels | C3: semicolon-separated taxonomy tactics
A4: inclusion_flag | B4: Whether record is part of thesis metric set | C4: INCLUDE/EXCLUDE/PENDING
A5: true::class | B5: Binary true indicator for class | C5: 0 or 1
A6: pred::class | B6: Binary predicted indicator for class | C6: 0 or 1
